year,monthly_exports_usd,monthly_imports_usd
2026,22161224782.144653,21047449595.83825
