year,monthly_exports_usd,monthly_imports_usd
2026,3693537463.6907578,3507908265.973066
