year,monthly_exports_usd,monthly_imports_usd
2026,3693537463.6908333,3507908265.9733334
